model_name,model_type,decode_type,device_type,length_bucket,batch_size,batch_index,n_utts,total_audio_duration_s,elapsed_s,latency_ms_per_utt,rtf,wer,cer,t_preproc_s_batch,t_encoder_s_batch,t_decoder_s_batch,wallclock_s_config,total_utts_config,total_audio_duration_config_s,energy_joules_total_config,energy_j_per_utt,energy_j_per_audio_sec,max_gpu_mem_bytes,gflops_per_example,total_t_preproc_s_config,total_t_encoder_s_config,total_t_decoder_s_config,t_preproc_ms_per_utt_config,t_encoder_ms_per_utt_config,t_decoder_ms_per_utt_config
openai/whisper-tiny,whisper,generate,cpu,5s,1,1,1,4.82,0.2762829999992391,276.2829999992391,0.05732012448116994,0.05555555555555555,0.010101010101010102,0.01017524999770103,0.09291262500119046,0.17168449999735458,0.5457792499983043,2,11.59,8.186688749974564,4.093344374987282,0.7063579594456052,0,76.48768512000001,0.017521916997793596,0.17691487500269432,0.3370205409992195,8.760958498896798,88.45743750134716,168.51027049960976
openai/whisper-tiny,whisper,generate,cpu,5s,1,2,1,6.77,0.2568504999981087,256.8504999981087,0.037939512555112076,0.28,0.2125984251968504,0.007346667000092566,0.08400225000150385,0.16533604100186494,0.5457792499983043,2,11.59,8.186688749974564,4.093344374987282,0.7063579594456052,0,76.48768512000001,0.017521916997793596,0.17691487500269432,0.3370205409992195,8.760958498896798,88.45743750134716,168.51027049960976
openai/whisper-tiny,whisper,generate,cpu,5s,4,1,4,19.28,0.7328986249995069,183.22465624987672,0.03801341415972546,0.22857142857142856,0.0927536231884058,0.012891166999907,0.3008532080020814,0.41826687499997206,1.4685241660008614,8,39.18,22.02786249001292,2.753482811251615,0.5622221156205442,0,76.48768512000001,0.025484876001428347,0.5982017500027723,0.8019147090017213,3.1856095001785434,74.77521875034654,100.23933862521517
openai/whisper-tiny,whisper,generate,cpu,5s,4,2,4,19.9,0.693903292001778,173.4758230004445,0.03486951216089337,0.2545454545454545,0.09003215434083602,0.012593709001521347,0.29734854200069094,0.3836478340017493,1.4685241660008614,8,39.18,22.02786249001292,2.753482811251615,0.5622221156205442,0,76.48768512000001,0.025484876001428347,0.5982017500027723,0.8019147090017213,3.1856095001785434,74.77521875034654,100.23933862521517
openai/whisper-tiny,whisper,generate,cpu,5s,8,1,8,39.18,1.0687417080007435,133.59271350009294,0.02727773629404654,0.24,0.09146341463414634,0.02175241700024344,0.5145386670010339,0.5313520420022542,2.1512247919999936,16,79.16,32.268371879999904,2.016773242499994,0.4076348140474975,0,76.48768512000001,0.04581608400258119,1.0047029589986778,1.0080428760047653,2.8635052501613245,62.79393493741736,63.00267975029783
openai/whisper-tiny,whisper,generate,cpu,5s,8,2,8,39.980000000000004,0.9913525420015503,123.91906775019379,0.02479621165586669,0.24107142857142858,0.08241758241758242,0.024063667002337752,0.4901642919976439,0.4766908340025111,2.1512247919999936,16,79.16,32.268371879999904,2.016773242499994,0.4076348140474975,0,76.48768512000001,0.04581608400258119,1.0047029589986778,1.0080428760047653,2.8635052501613245,62.79393493741736,63.00267975029783
openai/whisper-tiny,whisper,generate,cpu,5s,16,1,16,79.16,2.1235510830010753,132.7219426875672,0.02682606219051384,0.24050632911392406,0.08735440931780367,0.04951574999722652,1.2949709579988848,0.776502624998102,12.680500999998912,32,161.39,190.2075149999837,5.94398484374949,1.178558244005104,0,76.48768512000001,0.09020541699646856,2.536063625000679,9.850382791999436,2.8189192811396424,79.25198828127122,307.8244622499824
openai/whisper-tiny,whisper,generate,cpu,5s,16,2,16,82.23,10.356906125001842,647.3066328126151,0.12595045755809123,0.757201646090535,0.7378800328677074,0.040689666999242036,1.2410926670017943,9.073880167001334,12.680500999998912,32,161.39,190.2075149999837,5.94398484374949,1.178558244005104,0,76.48768512000001,0.09020541699646856,2.536063625000679,9.850382791999436,2.8189192811396424,79.25198828127122,307.8244622499824
openai/whisper-tiny,whisper,generate,cpu,5s,32,1,32,161.39,13.587484874999063,424.60890234372073,0.08419037657227253,0.5020833333333333,0.4146341463414634,0.08742645799793536,2.0892207079996297,11.407298665999406,17.224117916997784,64,342.05999999999995,258.36176875496676,4.036902636796356,0.7553112575424393,0,76.48768512000001,0.16867879199708113,4.158962748999329,12.575398416000098,2.6356061249543927,64.98379295311452,196.49060025000153
openai/whisper-tiny,whisper,generate,cpu,5s,32,2,32,180.67,3.320416499998828,103.76301562496337,0.018378350030435756,0.13688212927756654,0.053551912568306013,0.08125233399914578,2.0697420409996994,1.1680997500006924,17.224117916997784,64,342.05999999999995,258.36176875496676,4.036902636796356,0.7553112575424393,0,76.48768512000001,0.16867879199708113,4.158962748999329,12.575398416000098,2.6356061249543927,64.98379295311452,196.49060025000153
openai/whisper-tiny,whisper,generate,cpu,15s,1,1,1,11.42,0.24596358300186694,245.96358300186694,0.021537966987904285,0.14285714285714285,0.026845637583892617,0.006364790999214165,0.07938491700042505,0.16007650000028661,0.600487208001141,2,22.4799375,9.007308120017115,4.503654060008557,0.40068208018892915,0,183.15265536,0.013682999997399747,0.15507670900115045,0.4099806250014808,6.841499998699874,77.53835450057522,204.9903125007404
openai/whisper-tiny,whisper,generate,cpu,15s,1,2,1,11.0599375,0.3343649579983321,334.3649579983321,0.030232083861082587,0.0,0.0,0.0073182089981855825,0.0756917920007254,0.2499041250011942,0.600487208001141,2,22.4799375,9.007308120017115,4.503654060008557,0.40068208018892915,0,183.15265536,0.013682999997399747,0.15507670900115045,0.4099806250014808,6.841499998699874,77.53835450057522,204.9903125007404
openai/whisper-tiny,whisper,generate,cpu,15s,4,1,4,49.8899375,0.9834701250001672,245.8675312500418,0.019712795290636857,0.05673758865248227,0.01437908496732026,0.014126959002169315,0.263073499998427,0.7059352500000386,2.3897342500022205,8,111.9799375,35.84601375003331,4.4807517187541634,0.3201110355150297,0,183.15265536,0.025917750004737172,0.5385999159989296,1.7294487920007668,3.2397187505921465,67.3249894998662,216.18109900009586
openai/whisper-tiny,whisper,generate,cpu,15s,4,2,4,62.09,1.3111693749997357,327.79234374993393,0.021117239088415778,0.15217391304347827,0.03881511746680286,0.011790791002567858,0.27552641600050265,1.0235135420007282,2.3897342500022205,8,111.9799375,35.84601375003331,4.4807517187541634,0.3201110355150297,0,183.15265536,0.025917750004737172,0.5385999159989296,1.7294487920007668,3.2397187505921465,67.3249894998662,216.18109900009586
openai/whisper-tiny,whisper,generate,cpu,15s,8,1,8,111.9799375,1.7334498339987476,216.68122924984345,0.015480003585452507,0.11076923076923077,0.02809633027522936,0.021861917000933317,0.4607482089995756,1.2503475829980744,9.755905874997552,16,228.02993750000002,146.33858812496328,9.146161757810205,0.6417516477412676,0,183.15265536,0.04389070900288061,0.9175178339974082,8.598551749000762,2.7431693126800383,57.34486462483801,537.4094843125476
openai/whisper-tiny,whisper,generate,cpu,15s,8,2,8,116.05,7.828521250001359,978.5651562501698,0.06745817535546195,0.5267379679144385,0.30061037639877924,0.022028792001947295,0.4567696249978326,7.348204166002688,9.755905874997552,16,228.02993750000002,146.33858812496328,9.146161757810205,0.6417516477412676,0,183.15265536,0.04389070900288061,0.9175178339974082,8.598551749000762,2.7431693126800383,57.34486462483801,537.4094843125476
openai/whisper-tiny,whisper,generate,cpu,15s,16,1,16,228.0299375,10.170836291999876,635.6772682499923,0.04460307450638966,0.3333333333333333,0.1725067385444744,0.04130083299969556,1.1275211669999408,9.000589167000726,13.221910625001328,32,431.4899375,198.32865937501992,6.197770605469373,0.45963681221423597,0,183.15265536,0.08225829199727741,2.214897000001656,10.555723292000039,2.570571624914919,69.21553125005175,329.8663528750012
openai/whisper-tiny,whisper,generate,cpu,15s,16,2,16,203.46,2.6843625829969824,167.7726614373114,0.013193564253401072,0.11463046757164404,0.04918981481481482,0.04095745899758185,1.0873758330017154,1.555134124999313,13.221910625001328,32,431.4899375,198.32865937501992,6.197770605469373,0.45963681221423597,0,183.15265536,0.08225829199727741,2.214897000001656,10.555723292000039,2.570571624914919,69.21553125005175,329.8663528750012
openai/whisper-tiny,whisper,generate,cpu,15s,32,1,32,431.4899375,15.47980762500083,483.74398828127596,0.035875245932011635,0.22687224669603523,0.11303377058331007,0.08337120799842523,2.1116498340015823,13.281442249997781,31.120896791999257,64,869.3299999999999,466.81345187998886,7.293960185624826,0.5369807229475445,0,183.15265536,0.16513979099909193,4.201353376003681,26.010970416995406,2.5803092343608114,65.64614650005751,406.4214127655532
openai/whisper-tiny,whisper,generate,cpu,15s,32,2,32,437.8400625,14.9037521249993,465.74225390622814,0.0340392609116241,0.2273391812865497,0.129054616024397,0.0817685830006667,2.0897035420020984,12.729528166997625,31.120896791999257,64,869.3299999999999,466.81345187998886,7.293960185624826,0.5369807229475445,0,183.15265536,0.16513979099909193,4.201353376003681,26.010970416995406,2.5803092343608114,65.64614650005751,406.4214127655532
openai/whisper-tiny,whisper,generate,cpu,30s,1,1,1,28.45,0.535352499999135,535.352499999135,0.018817311072025836,0.16470588235294117,0.07627118644067797,0.0047787910007173195,0.07567325000127312,0.45473604099970544,1.1782592500021565,2,54.96,17.673888750032347,8.836944375016174,0.321577306223296,0,343.15011072,0.012480624001909746,0.16650087499874644,0.9508576240004913,6.240312000954873,83.25043749937322,475.42881200024567
openai/whisper-tiny,whisper,generate,cpu,30s,1,2,1,26.51,0.5948159159997886,594.8159159997886,0.022437416672945625,0.2235294117647059,0.13307984790874525,0.007701833001192426,0.09082762499747332,0.4961215830007859,1.1782592500021565,2,54.96,17.673888750032347,8.836944375016174,0.321577306223296,0,343.15011072,0.012480624001909746,0.16650087499874644,0.9508576240004913,6.240312000954873,83.25043749937322,475.42881200024567
openai/whisper-tiny,whisper,generate,cpu,30s,4,1,4,130.32,2.1415328750008484,535.3832187502121,0.016432879642425173,0.1722488038277512,0.0905982905982906,0.017666499999904772,0.38076975000149105,1.7425357080028334,4.526422958002513,8,243.19,67.8963443700377,8.487043046254712,0.2791905274478297,0,343.15011072,0.03203412500079139,0.7160300830037158,3.5732842490033363,4.004265625098924,89.50376037546448,446.66053112541704
openai/whisper-tiny,whisper,generate,cpu,30s,4,2,4,112.87,2.1808806250010093,545.2201562502523,0.019322057455488695,0.14285714285714285,0.05432692307692308,0.014367625000886619,0.3352603330022248,1.8307485410005029,4.526422958002513,8,243.19,67.8963443700377,8.487043046254712,0.2791905274478297,0,343.15011072,0.03203412500079139,0.7160300830037158,3.5732842490033363,4.004265625098924,89.50376037546448,446.66053112541704
openai/whisper-tiny,whisper,generate,cpu,30s,8,1,8,243.19,2.907307375000528,363.413421875066,0.011954880443276977,0.1585677749360614,0.07352941176470588,0.029967082999064587,0.622352750000573,2.2538818329994683,4.684643791999406,10,295.11,70.26965687999109,7.026965687999109,0.2381134386499647,0,343.15011072,0.03985041600026307,0.8006797079979151,3.59585933299968,3.9850416000263063,80.06797079979151,359.585933299968
openai/whisper-tiny,whisper,generate,cpu,30s,8,2,2,51.92,1.5307548339987989,765.3774169993994,0.029482951348204906,0.15204678362573099,0.08645833333333333,0.00988333300119848,0.1783269579973421,1.3419775000002119,4.684643791999406,10,295.11,70.26965687999109,7.026965687999109,0.2381134386499647,0,343.15011072,0.03985041600026307,0.8006797079979151,3.59585933299968,3.9850416000263063,80.06797079979151,359.585933299968
openai/whisper-tiny,whisper,generate,cpu,30s,16,1,10,295.11,3.127830624998751,312.7830624998751,0.010598863559346517,0.15739769150052466,0.0758364312267658,0.03519574999882025,0.7352649589993234,2.3561742919991957,3.373077915999602,10,295.11,50.59616873999403,5.059616873999403,0.17144850645519985,0,343.15011072,0.03519574999882025,0.7352649589993234,2.3561742919991957,3.5195749998820247,73.52649589993234,235.61742919991957
openai/whisper-tiny,whisper,generate,cpu,30s,32,1,10,295.11,3.1212567080001463,312.12567080001463,0.010576587401308481,0.15739769150052466,0.0758364312267658,0.03995441699953517,0.728028583998821,2.3520388749966514,3.396070750000945,10,295.11,50.94106125001417,5.094106125001417,0.172617197824588,0,343.15011072,0.03995441699953517,0.728028583998821,2.3520388749966514,3.995441699953517,72.8028583998821,235.20388749966514
openai/whisper-base,whisper,generate,cpu,5s,1,1,1,4.82,0.3891639159992337,389.1639159992337,0.08073940165959205,0.05555555555555555,0.04040404040404041,0.0050578339978528675,0.17035304199816892,0.21286870800031465,0.7916743339992536,2,11.59,11.875115009988804,5.937557504994402,1.0246000871431238,0,202.01908224000002,0.01158158399630338,0.3156601669979864,0.44987599999876693,5.79079199815169,157.8300834989932,224.93799999938346
openai/whisper-base,whisper,generate,cpu,5s,1,2,1,6.77,0.38966166699901805,389.66166699901805,0.0575571147709037,0.28,0.2125984251968504,0.006523749998450512,0.14530712499981746,0.23700729199845227,0.7916743339992536,2,11.59,11.875115009988804,5.937557504994402,1.0246000871431238,0,202.01908224000002,0.01158158399630338,0.3156601669979864,0.44987599999876693,5.79079199815169,157.8300834989932,224.93799999938346
openai/whisper-base,whisper,generate,cpu,5s,4,1,4,19.28,1.2717158750019735,317.92896875049337,0.06596036696068326,0.24285714285714285,0.13333333333333333,0.01257804099805071,0.5735352079973381,0.6852741250004328,2.4750979999989795,8,39.18,37.12646999998469,4.640808749998087,0.9475872894329936,0,202.01908224000002,0.025122874998487532,1.125468207996164,1.284352750000835,3.1403593748109415,140.6835259995205,160.54409375010437
openai/whisper-base,whisper,generate,cpu,5s,4,2,4,19.9,1.1638756249994913,290.9689062498728,0.058486212311532226,0.21818181818181817,0.05787781350482315,0.012544834000436822,0.5519329999988258,0.5990786250004021,2.4750979999989795,8,39.18,37.12646999998469,4.640808749998087,0.9475872894329936,0,202.01908224000002,0.025122874998487532,1.125468207996164,1.284352750000835,3.1403593748109415,140.6835259995205,160.54409375010437
openai/whisper-base,whisper,generate,cpu,5s,8,1,8,39.18,1.8830195419977827,235.37744274972283,0.048060733588509,0.232,0.0975609756097561,0.022159415999340126,0.985342790998402,0.8748408339997695,3.8968280410008447,16,79.16,58.45242061501267,3.653276288438292,0.7384085474357336,0,202.01908224000002,0.043791332998807775,2.0342329160012014,1.745745292002539,2.736958312425486,127.13955725007509,109.10908075015868
openai/whisper-base,whisper,generate,cpu,5s,8,2,8,39.980000000000004,1.9427359580004122,242.84199475005153,0.04859269529765913,0.13392857142857142,0.02564102564102564,0.02163191699946765,1.0488901250027993,0.8709044580027694,3.8968280410008447,16,79.16,58.45242061501267,3.653276288438292,0.7384085474357336,0,202.01908224000002,0.043791332998807775,2.0342329160012014,1.745745292002539,2.736958312425486,127.13955725007509,109.10908075015868
openai/whisper-base,whisper,generate,cpu,5s,16,1,16,79.16,3.4638441249990137,216.49025781243836,0.04375750536886071,0.18565400843881857,0.064891846921797,0.04115020799872582,2.2435460000015155,1.1781235829985235,20.640233165999234,32,161.39,309.6034974899885,9.675109296562141,1.9183561403431968,0,202.01908224000002,0.08254895800200757,4.466140709002502,15.936738332999084,2.5796549375627364,139.5668971563282,498.0230729062214
openai/whisper-base,whisper,generate,cpu,5s,16,2,16,82.23,17.024173583002266,1064.0108489376416,0.20703117576313104,0.5925925925925926,0.4691865242399343,0.04139875000328175,2.2225947090009868,14.758614750000561,20.640233165999234,32,161.39,309.6034974899885,9.675109296562141,1.9183561403431968,0,202.01908224000002,0.08254895800200757,4.466140709002502,15.936738332999084,2.5796549375627364,139.5668971563282,498.0230729062214
openai/whisper-base,whisper,generate,cpu,5s,32,1,32,161.39,33.17721295899901,1036.787904968719,0.20557167704937734,0.39166666666666666,0.2682926829268293,0.08241316699786694,4.311681291997957,28.780222332999983,39.95763516700026,64,342.05999999999995,599.3645275050039,9.365070742265686,1.7522204511050812,0,202.01908224000002,0.16779804199541104,8.463474207997933,31.00956741600021,2.6218444061782975,132.2417844999677,484.52449087500327
openai/whisper-base,whisper,generate,cpu,5s,32,2,32,180.67,6.468436584000301,202.1386432500094,0.0358024939613677,0.10456273764258556,0.034972677595628415,0.0853848749975441,4.151792915999977,2.2293450830002257,39.95763516700026,64,342.05999999999995,599.3645275050039,9.365070742265686,1.7522204511050812,0,202.01908224000002,0.16779804199541104,8.463474207997933,31.00956741600021,2.6218444061782975,132.2417844999677,484.52449087500327
openai/whisper-base,whisper,generate,cpu,15s,1,1,1,11.42,0.3937905840029998,393.7905840029998,0.03448253800376531,0.07142857142857142,0.006711409395973154,0.006097042001783848,0.14839341699916986,0.23800104199835914,0.8582012920014677,2,22.4799375,12.873019380022015,6.4365096900110075,0.5726448029502759,0,486.45814272,0.011345209000864998,0.2993792500019481,0.5244998339985614,5.672604500432499,149.68962500097405,262.2499169992807
openai/whisper-base,whisper,generate,cpu,15s,1,2,1,11.0599375,0.44329137499880744,443.29137499880744,0.0400808209810234,0.0,0.0,0.00524816699908115,0.15098583300277824,0.28649879200020223,0.8582012920014677,2,22.4799375,12.873019380022015,6.4365096900110075,0.5726448029502759,0,486.45814272,0.011345209000864998,0.2993792500019481,0.5244998339985614,5.672604500432499,149.68962500097405,262.2499169992807
openai/whisper-base,whisper,generate,cpu,15s,4,1,4,49.8899375,1.7429804589992273,435.7451147498068,0.03493651317962119,0.03546099290780142,0.00522875816993464,0.013910916997701861,0.52086749999944,1.2076970419984718,3.975270457998704,8,111.9799375,59.62905686998056,7.45363210874757,0.5324976795060326,0,486.45814272,0.02753070799735724,1.0477582909988996,2.8021490419996553,3.441338499669655,130.96978637486245,350.2686302499569
openai/whisper-base,whisper,generate,cpu,15s,4,2,4,62.09,2.135367375001806,533.8418437504515,0.034391486149167434,0.11956521739130435,0.021450459652706845,0.013619790999655379,0.5268907909994596,1.5944520000011835,3.975270457998704,8,111.9799375,59.62905686998056,7.45363210874757,0.5324976795060326,0,486.45814272,0.02753070799735724,1.0477582909988996,2.8021490419996553,3.441338499669655,130.96978637486245,350.2686302499569
openai/whisper-base,whisper,generate,cpu,15s,8,1,8,111.9799375,2.8684796660018037,358.55995825022546,0.02561601417219762,0.08307692307692308,0.014334862385321102,0.021862749999854714,0.9539188749986351,1.8920636250004463,15.803947582997353,16,228.02993750000002,237.0592137449603,14.816200859060018,1.0395968895310523,0,486.45814272,0.04396183399876463,1.9538005829999747,13.610368249999738,2.7476146249227895,122.11253643749842,850.6480156249836
openai/whisper-base,whisper,generate,cpu,15s,8,2,8,116.05,12.741659250001248,1592.707406250156,0.10979456484275096,0.4893048128342246,0.39216683621566634,0.02209908399890992,0.9998817080013396,11.718304624999291,15.803947582997353,16,228.02993750000002,237.0592137449603,14.816200859060018,1.0395968895310523,0,486.45814272,0.04396183399876463,1.9538005829999747,13.610368249999738,2.7476146249227895,122.11253643749842,850.6480156249836
openai/whisper-base,whisper,generate,cpu,15s,16,1,16,228.0299375,17.876666332998866,1117.2916458124291,0.0783961374940028,0.30042918454935624,0.21455525606469003,0.04227704100048868,2.1780014160030987,15.654651875000127,23.09791079199931,32,431.4899375,346.46866187998967,10.827145683749677,0.8029588450831248,0,486.45814272,0.09007329100131756,4.349160333003965,18.289570832999743,2.8147903437911737,135.9112604063739,571.549088531242
openai/whisper-base,whisper,generate,cpu,15s,16,2,16,203.46,4.855087250001816,303.4429531251135,0.023862613044341962,0.1085972850678733,0.046296296296296294,0.04779625000082888,2.1711589170008665,2.6349189579996164,23.09791079199931,32,431.4899375,346.46866187998967,10.827145683749677,0.8029588450831248,0,486.45814272,0.09007329100131756,4.349160333003965,18.289570832999743,2.8147903437911737,135.9112604063739,571.549088531242
openai/whisper-base,whisper,generate,cpu,15s,32,1,32,431.4899375,33.160830166998494,1036.275942718703,0.07685192002188578,0.20704845814977973,0.13340775886128942,0.08606049999798415,4.082704416996421,28.988789458999236,69.83299462500145,64,869.3299999999999,1047.4949193750217,16.367108115234714,1.2049450949294536,0,486.45814272,0.17944887499834294,8.436395499997161,60.48029541700089,2.8038886718491085,131.81867968745564,945.0046158906389
openai/whisper-base,whisper,generate,cpu,15s,32,2,32,437.8400625,35.941787249998015,1123.180851562438,0.08208885008095397,0.23172514619883042,0.14541169947324648,0.09338837500035879,4.35369108300074,31.491505958001653,69.83299462500145,64,869.3299999999999,1047.4949193750217,16.367108115234714,1.2049450949294536,0,486.45814272,0.17944887499834294,8.436395499997161,60.48029541700089,2.8038886718491085,131.81867968745564,945.0046158906389
openai/whisper-base,whisper,generate,cpu,30s,1,1,1,28.45,0.8812913339970692,881.2913339970692,0.030976848295151817,0.15294117647058825,0.07203389830508475,0.005780707997473655,0.16449383399958606,0.7105542079989391,1.7605906250028056,2,54.96,26.408859375042084,13.204429687521042,0.4805105417584076,0,913.11673344,0.012526665999757824,0.3113604589998431,1.3874074160012242,6.263332999878912,155.68022949992155,693.7037080006121
openai/whisper-base,whisper,generate,cpu,30s,1,2,1,26.51,0.831718458000978,831.718458000978,0.0313737630328547,0.1411764705882353,0.09315589353612168,0.006745958002284169,0.14686662500025705,0.6768532080022851,1.7605906250028056,2,54.96,26.408859375042084,13.204429687521042,0.4805105417584076,0,913.11673344,0.012526665999757824,0.3113604589998431,1.3874074160012242,6.263332999878912,155.68022949992155,693.7037080006121
openai/whisper-base,whisper,generate,cpu,30s,4,1,4,130.32,3.879910874999041,969.9777187497602,0.029772182895941076,0.11483253588516747,0.06623931623931624,0.018726749996858416,0.7554841249984747,3.104855833000329,7.940207333998842,8,243.19,119.10311000998263,14.887888751247829,0.4897533204900803,0,913.11673344,0.034035832995868986,1.4406022500006657,6.258923458000936,4.254479124483623,180.0752812500832,782.365432250117
openai/whisper-base,whisper,generate,cpu,30s,4,2,4,112.87,3.855088624997734,963.7721562494335,0.034155122043038305,0.09615384615384616,0.04230769230769231,0.01530908299901057,0.6851181250021909,3.1540676250006072,7.940207333998842,8,243.19,119.10311000998263,14.887888751247829,0.4897533204900803,0,913.11673344,0.034035832995868986,1.4406022500006657,6.258923458000936,4.254479124483623,180.0752812500832,782.365432250117
openai/whisper-base,whisper,generate,cpu,30s,8,1,8,243.19,5.385721458002081,673.2151822502601,0.02214614687282405,0.10613810741687979,0.05497737556561086,0.029844083001080435,1.3733399999982794,3.981447832997219,8.094782332998875,10,295.11,121.42173499498313,12.142173499498313,0.4114456812543903,0,913.11673344,0.036761750001460314,1.6730111249999027,6.134966165998776,3.6761750001460314,167.30111249999027,613.4966165998776
openai/whisper-base,whisper,generate,cpu,30s,8,2,2,51.92,2.4604471670027124,1230.2235835013562,0.04738919813179338,0.1286549707602339,0.08125,0.006917667000379879,0.2996711250016233,2.153518333001557,8.094782332998875,10,295.11,121.42173499498313,12.142173499498313,0.4114456812543903,0,913.11673344,0.036761750001460314,1.6730111249999027,6.134966165998776,3.6761750001460314,167.30111249999027,613.4966165998776
openai/whisper-base,whisper,generate,cpu,30s,16,1,10,295.11,5.825619792001817,582.5619792001817,0.019740502836236712,0.11017838405036726,0.059665427509293684,0.0329062500022701,1.6487437920004595,4.141617583998595,6.0629205419973005,10,295.11,90.9438081299595,9.09438081299595,0.3081691848123056,0,913.11673344,0.0329062500022701,1.6487437920004595,4.141617583998595,3.29062500022701,164.87437920004595,414.16175839985954
openai/whisper-base,whisper,generate,cpu,30s,32,1,10,295.11,5.7477525409995,574.77525409995,0.01947664444105418,0.11017838405036726,0.059665427509293684,0.03343291700002737,1.544959666000068,4.1682973749993835,5.985657666002226,10,295.11,89.78486499003338,8.978486499003338,0.3042420283624187,0,913.11673344,0.03343291700002737,1.544959666000068,4.1682973749993835,3.3432917000027373,154.4959666000068,416.82973749993835
openai/whisper-small,whisper,generate,cpu,5s,1,1,1,4.82,0.9388038750003034,938.8038750003034,0.1947725881743368,0.05555555555555555,0.030303030303030304,0.0065990000002784654,0.46208808399751433,0.4691177089989651,1.8515454999978829,2,11.59,27.773182499968243,13.886591249984122,2.396305651420901,0,901.43474688,0.012417249999998603,0.903601374997379,0.9210717499991006,6.2086249999993015,451.8006874986895,460.5358749995503
openai/whisper-small,whisper,generate,cpu,5s,1,2,1,6.77,0.899885541999538,899.885541999538,0.13292253205310753,0.28,0.2125984251968504,0.005818249999720138,0.4415132909998647,0.4519540410001355,1.8515454999978829,2,11.59,27.773182499968243,13.886591249984122,2.396305651420901,0,901.43474688,0.012417249999998603,0.903601374997379,0.9210717499991006,6.2086249999993015,451.8006874986895,460.5358749995503
openai/whisper-small,whisper,generate,cpu,5s,4,1,4,19.28,3.7416685419993883,935.4171354998471,0.19406994512444958,0.2857142857142857,0.19420289855072465,0.013119915998686338,1.730761042002996,1.9973759580025217,7.596809374997974,8,39.18,113.95214062496962,14.244017578121202,2.9084262538277086,0,901.43474688,0.025287499996920815,3.4035497510012647,4.126729708004859,3.160937499615102,425.4437188751581,515.8412135006074
openai/whisper-small,whisper,generate,cpu,5s,4,2,4,19.9,3.8147439589993155,953.6859897498289,0.1916956763316239,0.2,0.06109324758842444,0.012167583998234477,1.6727887089982687,2.1293537500023376,7.596809374997974,8,39.18,113.95214062496962,14.244017578121202,2.9084262538277086,0,901.43474688,0.025287499996920815,3.4035497510012647,4.126729708004859,3.160937499615102,425.4437188751581,515.8412135006074
openai/whisper-small,whisper,generate,cpu,5s,8,1,8,39.18,5.9622495000003255,745.2811875000407,0.1521758422664708,0.248,0.13109756097560976,0.020342957999673672,3.2108824999995704,2.730267417002324,11.51640216600208,16,79.16,172.7460324900312,10.79662703062695,2.182238914730056,0,901.43474688,0.041702999002154684,6.245711999999912,5.152566000000661,2.6064374376346677,390.3569999999945,322.0353750000413
openai/whisper-small,whisper,generate,cpu,5s,8,2,8,39.980000000000004,5.479038209003193,684.8797761253991,0.1370444774638117,0.21428571428571427,0.06227106227106227,0.02136004100248101,3.034829500000342,2.4222985829983372,11.51640216600208,16,79.16,172.7460324900312,10.79662703062695,2.182238914730056,0,901.43474688,0.041702999002154684,6.245711999999912,5.152566000000661,2.6064374376346677,390.3569999999945,322.0353750000413
openai/whisper-small,whisper,generate,cpu,5s,16,1,16,79.16,11.37343624999994,710.8397656249963,0.14367655697321804,0.2320675105485232,0.09983361064891846,0.04151179200198385,6.829143541999656,4.501221624999744,24.134407791996637,32,161.39,362.01611687994955,11.313003652498423,2.2431136804011995,0,901.43474688,0.08664679199864622,13.256286374999036,10.649491499996657,2.7077122499576944,414.25894921871986,332.7966093748955
openai/whisper-small,whisper,generate,cpu,5s,16,2,16,82.23,12.62162137499763,788.8513359373519,0.153491686428282,0.20164609053497942,0.09778142974527526,0.04513499999666237,6.42714283299938,6.148269874996913,24.134407791996637,32,161.39,362.01611687994955,11.313003652498423,2.2431136804011995,0,901.43474688,0.08664679199864622,13.256286374999036,10.649491499996657,2.7077122499576944,414.25894921871986,332.7966093748955
openai/whisper-small,whisper,generate,cpu,5s,32,1,32,161.39,22.908407667000574,715.887739593768,0.14194440589256196,0.21666666666666667,0.09880115750310045,0.07856674999857205,13.035180124999897,9.791879374999553,43.51923195799827,64,342.05999999999995,652.7884793699741,10.199819990155845,1.908403436151477,0,901.43474688,0.16016133299854118,26.116347499999392,16.96192029199665,2.502520828102206,408.0679296874905,265.03000456244763
openai/whisper-small,whisper,generate,cpu,5s,32,2,32,180.67,20.33470374999888,635.459492187465,0.11255163419493486,0.09695817490494296,0.04007285974499089,0.08159458299996913,13.081167374999495,7.170040916997095,43.51923195799827,64,342.05999999999995,652.7884793699741,10.199819990155845,1.908403436151477,0,901.43474688,0.16016133299854118,26.116347499999392,16.96192029199665,2.502520828102206,408.0679296874905,265.03000456244763
openai/whisper-small,whisper,generate,cpu,15s,1,1,1,11.42,1.0361703329981538,1036.1703329981538,0.090732953852728,0.07142857142857142,0.006711409395973154,0.009675458000856452,0.48587083399979747,0.5396523339986743,2.135276166998665,2,22.4799375,32.02914250497997,16.014571252489986,1.4247878805259122,0,2181.4068326399997,0.015478458000870887,0.9565652919991408,1.1417635419966246,7.739229000435444,478.2826459995704,570.8817709983123
openai/whisper-small,whisper,generate,cpu,15s,1,2,1,11.0599375,1.0795926669998153,1079.5926669998153,0.09761290848160899,0.0,0.0,0.0058030000000144355,0.4706944579993433,0.6021112079979503,2.135276166998665,2,22.4799375,32.02914250497997,16.014571252489986,1.4247878805259122,0,2181.4068326399997,0.015478458000870887,0.9565652919991408,1.1417635419966246,7.739229000435444,478.2826459995704,570.8817709983123
openai/whisper-small,whisper,generate,cpu,15s,4,1,4,49.8899375,5.373010125000292,1343.252531250073,0.10769727111805445,0.0425531914893617,0.01045751633986928,0.013280082999699516,1.6549715420005668,3.703670291997696,11.685105332999228,8,111.9799375,175.27657999498842,21.909572499373553,1.565249846607464,0,2181.4068326399997,0.025683083000330953,3.2267161250019853,8.338842374996602,3.210385375041369,403.33951562524817,1042.3552968745753
openai/whisper-small,whisper,generate,cpu,15s,4,2,4,62.09,6.219716457999311,1554.9291144998278,0.10017259555482866,0.13043478260869565,0.031664964249233915,0.012403000000631437,1.5717445830014185,4.635172082998906,11.685105332999228,8,111.9799375,175.27657999498842,21.909572499373553,1.565249846607464,0,2181.4068326399997,0.025683083000330953,3.2267161250019853,8.338842374996602,3.210385375041369,403.33951562524817,1042.3552968745753
openai/whisper-small,whisper,generate,cpu,15s,8,1,8,111.9799375,8.775499957999273,1096.937494749909,0.07836671598427417,0.09230769230769231,0.02236238532110092,0.021821207999892067,3.0481939999990573,5.703264499999932,45.507637791997695,16,228.02993750000002,682.6145668799654,42.66341042999784,2.993530473953515,0,2181.4068326399997,0.045599582997965626,6.2885285839984135,38.98726983300003,2.8499739373728517,393.03303649990085,2436.7043645625017
openai/whisper-small,whisper,generate,cpu,15s,8,2,8,116.05,36.549123042001156,4568.6403802501445,0.3149428956656713,0.37433155080213903,0.3346897253306205,0.02377837499807356,3.2403345839993563,33.284005333000096,45.507637791997695,16,228.02993750000002,682.6145668799654,42.66341042999784,2.993530473953515,0,2181.4068326399997,0.045599582997965626,6.2885285839984135,38.98726983300003,2.8499739373728517,393.03303649990085,2436.7043645625017
openai/whisper-small,whisper,generate,cpu,15s,16,1,16,228.0299375,56.99131000000125,3561.956875000078,0.24992906907235043,0.24320457796852646,0.18787061994609164,0.04627516599794035,6.679545666997001,50.26369170900216,71.8405396670023,32,431.4899375,1077.6080950050346,33.67525296890733,2.4974118776640872,0,2181.4068326399997,0.08783166599823744,13.558559791999869,57.849973959000636,2.74473956244492,423.7049934999959,1807.8116862187699
openai/whisper-small,whisper,generate,cpu,15s,16,2,16,203.46,14.508290041998407,906.7681276249004,0.07130782484025561,0.10105580693815988,0.045717592592592594,0.04155650000029709,6.879014125002868,7.586282249998476,71.8405396670023,32,431.4899375,1077.6080950050346,33.67525296890733,2.4974118776640872,0,2181.4068326399997,0.08783166599823744,13.558559791999869,57.849973959000636,2.74473956244492,423.7049934999959,1807.8116862187699
openai/whisper-small,whisper,generate,cpu,15s,32,1,32,431.4899375,115.31936887499978,3603.730277343743,0.26725853572193625,0.17400881057268722,0.11931342450460508,0.08347649999996065,13.542512500000157,101.69002774999899,145.62912654200045,64,869.3299999999999,2184.4368981300067,34.131826533281355,2.512782140418491,0,2181.4068326399997,0.17408712500036927,26.21837041699837,118.5242182080001,2.72011132813077,409.6620377655995,1851.9409095000015
openai/whisper-small,whisper,generate,cpu,15s,32,2,32,437.8400625,29.6031378330008,925.098057281275,0.06761176139061235,0.12938596491228072,0.06944829498197948,0.09061062500040862,12.675857916998211,16.834190458001103,145.62912654200045,64,869.3299999999999,2184.4368981300067,34.131826533281355,2.512782140418491,0,2181.4068326399997,0.17408712500036927,26.21837041699837,118.5242182080001,2.72011132813077,409.6620377655995,1851.9409095000015
openai/whisper-small,whisper,generate,cpu,30s,1,1,1,28.45,1.9322261670022272,1932.2261670022272,0.06791656123030676,0.11764705882352941,0.0614406779661017,0.006895665999763878,0.4919424159998016,1.432055915996898,3.9510692080002627,2,54.96,59.26603812000394,29.63301906000197,1.078348582969504,0,4101.36496128,0.012698333001026185,0.9927061660018808,2.8970337079990713,6.349166500513093,496.3530830009404,1448.5168539995357
openai/whisper-small,whisper,generate,cpu,30s,1,2,1,26.51,1.9718160829979752,1971.8160829979752,0.07438008611836948,0.09411764705882353,0.0817490494296578,0.005802667001262307,0.5007637500020792,1.4649777920021734,3.9510692080002627,2,54.96,59.26603812000394,29.63301906000197,1.078348582969504,0,4101.36496128,0.012698333001026185,0.9927061660018808,2.8970337079990713,6.349166500513093,496.3530830009404,1448.5168539995357
openai/whisper-small,whisper,generate,cpu,30s,4,1,4,130.32,12.479374957998516,3119.843739499629,0.09575947635051041,0.09090909090909091,0.05811965811965812,0.019443958000920247,2.487467832997936,9.97165487500024,24.68617641599849,8,243.19,370.29264623997733,46.286580779997166,1.5226475029399948,0,4101.36496128,0.035163207998266444,4.570074374998512,19.859844959002658,4.3954009997833055,571.259296874814,2482.480619875332
openai/whisper-small,whisper,generate,cpu,30s,4,2,4,112.87,11.989152333000675,2997.2880832501687,0.10622089424116837,0.09340659340659341,0.03798076923076923,0.015719249997346196,2.082606542000576,9.888190084002417,24.68617641599849,8,243.19,370.29264623997733,46.286580779997166,1.5226475029399948,0,4101.36496128,0.035163207998266444,4.570074374998512,19.859844959002658,4.3954009997833055,571.259296874814,2482.480619875332
openai/whisper-small,whisper,generate,cpu,30s,8,1,8,243.19,15.989336124999681,1998.6670156249602,0.06574832898145352,0.09207161125319693,0.048642533936651584,0.027165540999703808,4.77935641699878,11.181330957999307,23.3833329170011,10,295.11,350.7499937550165,35.07499937550165,1.1885398453289162,0,4101.36496128,0.03414158300074632,5.677609250000387,17.429635999997117,3.4141583000746323,567.7609250000387,1742.9635999997117
openai/whisper-small,whisper,generate,cpu,30s,8,2,2,51.92,7.15405224999995,3577.026124999975,0.1377899123651762,0.0935672514619883,0.053125,0.006976042001042515,0.8982528330016066,6.24830504199781,23.3833329170011,10,295.11,350.7499937550165,35.07499937550165,1.1885398453289162,0,4101.36496128,0.03414158300074632,5.677609250000387,17.429635999997117,3.4141583000746323,567.7609250000387,1742.9635999997117
openai/whisper-small,whisper,generate,cpu,30s,16,1,10,295.11,16.925894208998216,1692.5894208998216,0.0573545261393996,0.09233997901364113,0.04944237918215613,0.03526412499923026,5.511708041001839,11.377643415999046,17.170895082999778,10,295.11,257.56342624499666,25.756342624499666,0.8727709201484078,0,4101.36496128,0.03526412499923026,5.511708041001839,11.377643415999046,3.526412499923026,551.1708041001839,1137.7643415999046
openai/whisper-small,whisper,generate,cpu,30s,32,1,10,295.11,15.918923375000304,1591.8923375000304,0.05394233802649962,0.09233997901364113,0.04944237918215613,0.043136124997545267,4.858720041000197,11.01590666699849,16.191306833999988,10,295.11,242.86960250999982,24.286960250999982,0.8229799143031405,0,4101.36496128,0.043136124997545267,4.858720041000197,11.01590666699849,4.313612499754527,485.8720041000197,1101.590666699849
openai/whisper-medium,whisper,generate,cpu,5s,1,1,1,4.82,2.752898415998061,2752.898415998061,0.5711407502070666,0.05555555555555555,0.04040404040404041,0.007048416999168694,1.4850240830019175,1.2601823330005573,5.398483083998144,2,11.59,80.97724625997216,40.48862312998608,6.9868202122495395,0,3192.9862963200003,0.013949416999821551,2.838420166001015,2.531285291999666,6.974708499910776,1419.2100830005074,1265.642645999833
openai/whisper-medium,whisper,generate,cpu,5s,1,2,1,6.77,2.6319072080004844,2631.9072080004844,0.38876029660273037,0.28,0.2125984251968504,0.006901000000652857,1.3533960829990974,1.2711029589991085,5.398483083998144,2,11.59,80.97724625997216,40.48862312998608,6.9868202122495395,0,3192.9862963200003,0.013949416999821551,2.838420166001015,2.531285291999666,6.974708499910776,1419.2100830005074,1265.642645999833
openai/whisper-medium,whisper,generate,cpu,5s,4,1,4,19.28,10.175605042000825,2543.9012605002063,0.5277803445021174,0.2857142857142857,0.19710144927536233,0.013806832997943275,4.911318165999546,5.249929582998448,20.53306666700155,8,39.18,307.99600000502323,38.499500000627904,7.861051557045004,0,3192.9862963200003,0.0271011249969888,9.944040416001371,10.516268665996904,3.3876406246236,1243.0050520001714,1314.533583249613
openai/whisper-medium,whisper,generate,cpu,5s,4,2,4,19.9,10.312762459001533,2578.1906147503832,0.5182292692965594,0.2,0.05787781350482315,0.013294291999045527,5.032722250001825,5.266339082998456,20.53306666700155,8,39.18,307.99600000502323,38.499500000627904,7.861051557045004,0,3192.9862963200003,0.0271011249969888,9.944040416001371,10.516268665996904,3.3876406246236,1243.0050520001714,1314.533583249613
openai/whisper-medium,whisper,generate,cpu,5s,8,1,8,39.18,16.20133354200152,2025.1666927501901,0.41351029969376013,0.248,0.13109756097560976,0.022548375000042142,9.41849062500114,6.758756416002143,32.668950916999165,16,79.16,490.0342637549875,30.627141484686717,6.1904277887188925,0,3192.9862963200003,0.04476608400000259,19.03053833300146,13.51383612400241,2.797880250000162,1189.4086458125912,844.6147577501506
openai/whisper-medium,whisper,generate,cpu,5s,8,2,8,39.980000000000004,16.390936084000714,2048.8670105000892,0.40997839129566566,0.15178571428571427,0.03663003663003663,0.02221770899996045,9.612047708000318,6.755079708000267,32.668950916999165,16,79.16,490.0342637549875,30.627141484686717,6.1904277887188925,0,3192.9862963200003,0.04476608400000259,19.03053833300146,13.51383612400241,2.797880250000162,1189.4086458125912,844.6147577501506
openai/whisper-medium,whisper,generate,cpu,5s,16,1,16,79.16,30.95908233299997,1934.942645812498,0.39109502694542664,0.20253164556962025,0.08818635607321132,0.04438487500010524,19.306418249998387,11.6060552500021,66.15115566699751,32,161.39,992.2673350049627,31.008354218905083,6.148257853677197,0,3192.9862963200003,0.09039458299957914,38.96501904199613,26.922477750002145,2.824830718736848,1217.656845062379,841.327429687567
openai/whisper-medium,whisper,generate,cpu,5s,16,2,16,82.23,35.022278874999756,2188.8924296874848,0.42590634652802817,0.1934156378600823,0.0961380443714051,0.0460097079994739,19.658600791997742,15.316422500000044,66.15115566699751,32,161.39,992.2673350049627,31.008354218905083,6.148257853677197,0,3192.9862963200003,0.09039458299957914,38.96501904199613,26.922477750002145,2.824830718736848,1217.656845062379,841.327429687567
openai/whisper-medium,whisper,generate,cpu,5s,32,1,32,161.39,62.69026541600033,1959.0707942500103,0.38843958991263605,0.19791666666666666,0.09218685407193054,0.08876704200156382,39.11869645800107,23.478501582998433,120.63795179199951,64,342.05999999999995,1809.5692768799927,28.274519951249886,5.290210129450953,0,3192.9862963200003,0.21747966700058896,78.08528508300151,41.97045383300065,3.3981197968842025,1220.0825794218986,655.7883411406351
openai/whisper-medium,whisper,generate,cpu,5s,32,2,32,180.67,57.589816249997966,1799.6817578124364,0.3187569394476004,0.07604562737642585,0.020036429872495445,0.12871262499902514,38.96658862500044,18.491952250002214,120.63795179199951,64,342.05999999999995,1809.5692768799927,28.274519951249886,5.290210129450953,0,3192.9862963200003,0.21747966700058896,78.08528508300151,41.97045383300065,3.3981197968842025,1220.0825794218986,655.7883411406351
openai/whisper-medium,whisper,generate,cpu,15s,1,1,1,11.42,2.7297713339976326,2729.7713339976326,0.23903426742536188,0.07142857142857142,0.006711409395973154,0.00644612500036601,1.3190175000017916,1.4035020409974095,5.707503875000839,2,22.4799375,85.61255812501258,42.80627906250629,3.8083984052452364,0,7743.99184896,0.012445917000150075,2.699456124999415,2.9678713739958766,6.222958500075038,1349.7280624997074,1483.9356869979383
openai/whisper-medium,whisper,generate,cpu,15s,1,2,1,11.0599375,2.9517798340020818,2951.7798340020818,0.2668893774492018,0.0,0.0,0.005999791999784065,1.3804386249976233,1.5643693329984671,5.707503875000839,2,22.4799375,85.61255812501258,42.80627906250629,3.8083984052452364,0,7743.99184896,0.012445917000150075,2.699456124999415,2.9678713739958766,6.222958500075038,1349.7280624997074,1483.9356869979383
openai/whisper-medium,whisper,generate,cpu,15s,4,1,4,49.8899375,14.049430582999776,3512.357645749944,0.28160850237585033,0.0425531914893617,0.01045751633986928,0.013014749998546904,5.166069082999456,8.86750658299934,29.476795250000578,8,111.9799375,442.15192875000866,55.26899109375108,3.9484923694479526,0,7743.99184896,0.023965832999238046,9.84612337499857,19.514170874997944,2.9957291249047557,1230.7654218748212,2439.271359374743
openai/whisper-medium,whisper,generate,cpu,15s,4,2,4,62.09,15.338134084002377,3834.533521000594,0.2470306665163855,0.125,0.0296220633299285,0.010951083000691142,4.680054291999113,10.646664291998604,29.476795250000578,8,111.9799375,442.15192875000866,55.26899109375108,3.9484923694479526,0,7743.99184896,0.023965832999238046,9.84612337499857,19.514170874997944,2.9957291249047557,1230.7654218748212,2439.271359374743
openai/whisper-medium,whisper,generate,cpu,15s,8,1,8,111.9799375,23.136467584001366,2892.0584480001708,0.20661261383541463,0.08923076923076922,0.02121559633027523,0.021791708997625392,10.276785833000758,12.836518791002163,116.07271737500196,16,228.02993750000002,1741.0907606250294,108.81817253906434,7.6353604255363585,0,7743.99184896,0.04387912599850097,20.3340129169992,95.4936316240055,2.7424453749063105,1270.87580731245,5968.351976500344
openai/whisper-medium,whisper,generate,cpu,15s,8,2,8,116.05,92.73757408299934,11592.196760374918,0.79911739838862,0.47593582887700536,0.3540183112919634,0.022087417000875575,10.057227083998441,82.65711283300334,116.07271737500196,16,228.02993750000002,1741.0907606250294,108.81817253906434,7.6353604255363585,0,7743.99184896,0.04387912599850097,20.3340129169992,95.4936316240055,2.7424453749063105,1270.87580731245,5968.351976500344
openai/whisper-medium,whisper,generate,cpu,15s,16,1,16,228.0299375,201.8095972500014,12613.099828125087,0.8850136059437432,0.296137339055794,0.19757412398921834,0.045618959000421455,21.60043987500103,180.1615219999985,242.05446391700025,32,431.4899375,3630.8169587550037,113.46302996109387,8.41460401091046,0,7743.99184896,0.09417216800284223,40.405560457998945,201.16711937500077,2.9428802500888196,1262.673764312467,6286.472480468774
openai/whisper-medium,whisper,generate,cpu,15s,16,2,16,203.46,39.86108925000008,2491.318078125005,0.19591609775877358,0.10105580693815988,0.04976851851851852,0.04855320900242077,18.805120582997915,21.005597375002253,242.05446391700025,32,431.4899375,3630.8169587550037,113.46302996109387,8.41460401091046,0,7743.99184896,0.09417216800284223,40.405560457998945,201.16711937500077,2.9428802500888196,1262.673764312467,6286.472480468774
openai/whisper-medium,whisper,generate,cpu,15s,32,1,32,431.4899375,270.0034744579971,8437.608576812409,0.6257468621918838,0.2011747430249633,0.12629081775048842,0.08140670899956604,39.660688459000085,230.25370695799938,351.18324287499854,64,869.3299999999999,5267.748643124978,82.30857254882778,6.059550047881677,0,7743.99184896,0.18277970900089713,79.17104204299903,271.08037829099703,2.8559329531390176,1237.04753192186,4235.630910796828
openai/whisper-medium,whisper,generate,cpu,15s,32,2,32,437.8400625,80.44165741599863,2513.8017942499573,0.18372383960638283,0.11403508771929824,0.061131133906293315,0.10137300000133109,39.51035358399895,40.82667133299765,351.18324287499854,64,869.3299999999999,5267.748643124978,82.30857254882778,6.059550047881677,0,7743.99184896,0.18277970900089713,79.17104204299903,271.08037829099703,2.8559329531390176,1237.04753192186,4235.630910796828
openai/whisper-medium,whisper,generate,cpu,30s,1,1,1,28.45,5.150293083999713,5150.293083999713,0.18102963388399695,0.12941176470588237,0.07415254237288135,0.006672750001598615,1.4586594579996017,3.684456292001414,9.841519666999375,2,54.96,147.62279500499062,73.81139750249531,2.686004275927777,0,14570.500177920001,0.010182041001826292,2.7551056669981335,7.028145625001343,5.091020500913146,1377.5528334990668,3514.0728125006717
openai/whisper-medium,whisper,generate,cpu,30s,1,2,1,26.51,4.644223749997764,4644.223749997764,0.1751876178799609,0.11764705882352941,0.10076045627376426,0.0035092910002276767,1.2964462089985318,3.3436893329999293,9.841519666999375,2,54.96,147.62279500499062,73.81139750249531,2.686004275927777,0,14570.500177920001,0.010182041001826292,2.7551056669981335,7.028145625001343,5.091020500913146,1377.5528334990668,3514.0728125006717
openai/whisper-medium,whisper,generate,cpu,30s,4,1,4,130.32,26.612547291002556,6653.136822750639,0.20420923335637323,0.09090909090909091,0.057692307692307696,0.018252000001666602,7.382592583002406,19.21085787500124,52.92105991599965,8,243.19,793.8158987399947,99.22698734249934,3.2641798541880616,0,14570.500177920001,0.031878458001301624,14.26086850000138,38.41120625000258,3.984807250162703,1782.6085625001724,4801.400781250322
openai/whisper-medium,whisper,generate,cpu,30s,4,2,4,112.87,26.093020917000104,6523.255229250026,0.23117764611500047,0.07967032967032966,0.03317307692307692,0.013626457999635022,6.878275916998973,19.20034837500134,52.92105991599965,8,243.19,793.8158987399947,99.22698734249934,3.2641798541880616,0,14570.500177920001,0.031878458001301624,14.26086850000138,38.41120625000258,3.984807250162703,1782.6085625001724,4801.400781250322
openai/whisper-medium,whisper,generate,cpu,30s,8,1,8,243.19,39.10469395800101,4888.086744750126,0.16079893892841404,0.08567774936061381,0.046153846153846156,0.027513666998856934,14.108446249996632,24.96692483299921,57.95921495899893,10,295.11,869.3882243849839,86.93882243849839,2.9459802256276775,0,14570.500177920001,0.034992166998563334,16.69686012499733,40.988311916000384,3.4992166998563334,1669.686012499733,4098.831191600038
openai/whisper-medium,whisper,generate,cpu,30s,8,2,2,51.92,18.61816408300001,9309.082041500005,0.35859329897919895,0.07602339181286549,0.04479166666666667,0.0074784999997064006,2.588413875000697,16.021387083001173,57.95921495899893,10,295.11,869.3882243849839,86.93882243849839,2.9459802256276775,0,14570.500177920001,0.034992166998563334,16.69686012499733,40.988311916000384,3.4992166998563334,1669.686012499733,4098.831191600038
openai/whisper-medium,whisper,generate,cpu,30s,16,1,10,295.11,40.740899707998324,4074.0899707998324,0.13805326728338016,0.08394543546694648,0.04591078066914498,0.03474104199995054,14.601576958000805,26.10306000000128,40.980611540999234,10,295.11,614.7091731149885,61.47091731149885,2.082983203263151,0,14570.500177920001,0.03474104199995054,14.601576958000805,26.10306000000128,3.474104199995054,1460.1576958000805,2610.306000000128
openai/whisper-medium,whisper,generate,cpu,30s,32,1,10,295.11,43.49304708300042,4349.304708300042,0.14737910298871748,0.08394543546694648,0.04591078066914498,0.03348929200001294,16.566361457997118,26.891662999998516,43.724857207998866,10,295.11,655.872858119983,65.5872858119983,2.222469106841459,0,14570.500177920001,0.03348929200001294,16.566361457997118,26.891662999998516,3.348929200001294,1656.6361457997118,2689.1662999998516
openai/whisper-large-v3-turbo,whisper,generate,cpu,5s,1,1,1,4.82,2.4409164159987995,2440.9164159987995,0.5064141941906223,0.0,0.0,0.002467082998919068,2.1279313750019355,0.31040629199924297,5.278098000002501,2,11.59,79.17147000003752,39.58573500001876,6.83101553063309,0,2498.7084288,0.0052537079973262735,4.618376167003589,0.6386446670003352,2.6268539986631367,2309.1880835017946,319.3223335001676
openai/whisper-large-v3-turbo,whisper,generate,cpu,5s,1,2,1,6.77,2.8218362080006045,2821.8362080006045,0.41681480177261515,0.28,0.2125984251968504,0.0027866249984072056,2.4904447920016537,0.3282383750010922,5.278098000002501,2,11.59,79.17147000003752,39.58573500001876,6.83101553063309,0,2498.7084288,0.0052537079973262735,4.618376167003589,0.6386446670003352,2.6268539986631367,2309.1880835017946,319.3223335001676
openai/whisper-large-v3-turbo,whisper,generate,cpu,5s,4,1,4,19.28,9.909920917001728,2477.480229250432,0.5140000475623302,0.2714285714285714,0.1855072463768116,0.01866808399790898,8.813655999998446,1.0772079579983256,19.831881375001103,8,39.18,297.47822062501655,37.18477757812707,7.592603895482811,0,2498.7084288,0.029213125995738665,17.610427999999956,2.161391082998307,3.651640749467333,2201.3034999999945,270.17388537478837
openai/whisper-large-v3-turbo,whisper,generate,cpu,5s,4,2,4,19.9,9.891876500001672,2472.969125000418,0.4970792211056117,0.21818181818181817,0.08681672025723473,0.010545041997829685,8.79677200000151,1.0841831249999814,19.831881375001103,8,39.18,297.47822062501655,37.18477757812707,7.592603895482811,0,2498.7084288,0.029213125995738665,17.610427999999956,2.161391082998307,3.651640749467333,2201.3034999999945,270.17388537478837
openai/whisper-large-v3-turbo,whisper,generate,cpu,5s,8,1,8,39.18,18.843447499999456,2355.430937499932,0.4809455717202516,0.248,0.13871951219512196,0.024683791998540983,17.279789791999065,1.5370430420007324,37.61300895800014,16,79.16,564.195134370002,35.26219589812513,7.127275573143028,0,2498.7084288,0.044923875997483265,34.52689862499756,2.978481708003528,2.807742249842704,2157.9311640623473,186.1551067502205
openai/whisper-large-v3-turbo,whisper,generate,cpu,5s,8,2,8,39.980000000000004,18.70981483400101,2338.726854250126,0.4679793605302903,0.16964285714285715,0.04212454212454213,0.020240083998942282,17.247108832998492,1.4414386660027958,37.61300895800014,16,79.16,564.195134370002,35.26219589812513,7.127275573143028,0,2498.7084288,0.044923875997483265,34.52689862499756,2.978481708003528,2.807742249842704,2157.9311640623473,186.1551067502205
openai/whisper-large-v3-turbo,whisper,generate,cpu,5s,16,1,16,79.16,38.32297312499941,2395.185820312463,0.4841204285623978,0.2109704641350211,0.09484193011647254,0.040563999998994404,35.49166137499924,2.7884562090002873,77.10265008399801,32,161.39,1156.5397512599702,36.14186722687407,7.1661177970132615,0,2498.7084288,0.08936116699987906,70.95194858299874,5.928292791999411,2.7925364687462206,2217.2483932187106,185.2591497499816
openai/whisper-large-v3-turbo,whisper,generate,cpu,5s,16,2,16,82.23,38.650399208003364,2415.6499505002103,0.4700279606956508,0.10699588477366255,0.024650780608052588,0.048797167000884656,35.4602872079995,3.1398365829991235,77.10265008399801,32,161.39,1156.5397512599702,36.14186722687407,7.1661177970132615,0,2498.7084288,0.08936116699987906,70.95194858299874,5.928292791999411,2.7925364687462206,2217.2483932187106,185.2591497499816
openai/whisper-large-v3-turbo,whisper,generate,cpu,5s,32,1,32,161.39,77.87498487499761,2433.5932773436753,0.48252670472146736,0.15833333333333333,0.059528730880529145,0.08283562500218977,73.14246516699859,4.646500750000996,156.9112919170002,64,342.05999999999995,2353.669378755003,36.77608404304692,6.8808670372303204,0,2498.7084288,0.16906575000393786,147.20352045899926,9.27752962500017,2.641652343811529,2300.0550071718635,144.96140039062766
openai/whisper-large-v3-turbo,whisper,generate,cpu,5s,32,2,32,180.67,78.78108833300212,2461.909010406316,0.43604963930371465,0.09885931558935361,0.041530054644808745,0.08623012500174809,74.06105529200067,4.631028874999174,156.9112919170002,64,342.05999999999995,2353.669378755003,36.77608404304692,6.8808670372303204,0,2498.7084288,0.16906575000393786,147.20352045899926,9.27752962500017,2.641652343811529,2300.0550071718635,144.96140039062766
openai/whisper-large-v3-turbo,whisper,generate,cpu,15s,1,1,1,11.42,2.591398834003485,2591.398834003485,0.22691758616492863,0.07142857142857142,0.006711409395973154,0.003999500000645639,2.1870607499986363,0.39997945800132584,5.307548958000552,2,22.4799375,79.61323437000829,39.80661718500414,3.5415238307494534,0,3683.8654464,0.007714499999565305,4.36193904099855,0.9191075420021662,3.8572499997826526,2180.969520499275,459.5537710010831
openai/whisper-large-v3-turbo,whisper,generate,cpu,15s,1,2,1,11.0599375,2.6980647499985935,2698.0647499985935,0.2439493668023525,0.0,0.0,0.003714999998919666,2.1748782909999136,0.5191280840008403,5.307548958000552,2,22.4799375,79.61323437000829,39.80661718500414,3.5415238307494534,0,3683.8654464,0.007714499999565305,4.36193904099855,0.9191075420021662,3.8572499997826526,2180.969520499275,459.5537710010831
openai/whisper-large-v3-turbo,whisper,generate,cpu,15s,4,1,4,49.8899375,10.980041167000309,2745.010291750077,0.2200852860759809,0.03546099290780142,0.00522875816993464,0.012600791997101624,8.936756667000736,2.0302587090009183,23.243276749999495,8,111.9799375,348.6491512499924,43.58114390624905,3.113496569418896,0,3683.8654464,0.022458375995483948,18.21694516700154,4.9124791260037455,2.8072969994354935,2277.1181458751926,614.0598907504682
openai/whisper-large-v3-turbo,whisper,generate,cpu,15s,4,2,4,62.09,12.172735749998537,3043.1839374996343,0.19604985907551195,0.14673913043478262,0.03677221654749745,0.009857583998382324,9.280188500000804,2.882220417002827,23.243276749999495,8,111.9799375,348.6491512499924,43.58114390624905,3.113496569418896,0,3683.8654464,0.022458375995483948,18.21694516700154,4.9124791260037455,2.8072969994354935,2277.1181458751926,614.0598907504682
openai/whisper-large-v3-turbo,whisper,generate,cpu,15s,8,1,8,111.9799375,21.052073374998145,2631.509171874768,0.18799861693973657,0.09846153846153846,0.022935779816513763,0.021386874999734573,17.929264250000415,3.1003912090018275,42.46711874999892,16,228.02993750000002,637.0067812499838,39.812923828123985,2.7935225884539117,0,3683.8654464,0.0471319999996922,35.82987375000084,6.381569084001967,2.9457499999807624,2239.3671093750527,398.84806775012294
openai/whisper-large-v3-turbo,whisper,generate,cpu,15s,8,2,8,116.05,21.208559416001663,2651.069927000208,0.18275363563982475,0.10160427807486631,0.02187182095625636,0.025745124999957625,17.900609500000428,3.2811778750001395,42.46711874999892,16,228.02993750000002,637.0067812499838,39.812923828123985,2.7935225884539117,0,3683.8654464,0.0471319999996922,35.82987375000084,6.381569084001967,2.9457499999807624,2239.3671093750527,398.84806775012294
openai/whisper-large-v3-turbo,whisper,generate,cpu,15s,16,1,16,228.0299375,42.63053095899886,2664.408184937429,0.18695146534870608,0.10014306151645208,0.022371967654986523,0.045981874998688,37.04385337500207,5.539056166999217,85.02773845800039,32,431.4899375,1275.4160768700058,39.85675240218768,2.955841993117176,0,3683.8654464,0.09199816699765506,72.83914741600165,11.744173291997868,2.8749427186767207,2276.2233567500516,367.00541537493336
openai/whisper-large-v3-turbo,whisper,generate,cpu,15s,16,2,16,203.46,42.04808016699826,2628.0050104373913,0.20666509469673774,0.0889894419306184,0.037905092592592594,0.04601629199896706,35.79529404099958,6.205117124998651,85.02773845800039,32,431.4899375,1275.4160768700058,39.85675240218768,2.955841993117176,0,3683.8654464,0.09199816699765506,72.83914741600165,11.744173291997868,2.8749427186767207,2276.2233567500516,367.00541537493336
openai/whisper-large-v3-turbo,whisper,generate,cpu,15s,32,1,32,431.4899375,81.3445018750026,2542.0156835938315,0.1885200437032268,0.0947136563876652,0.029863243092380688,0.0889603329997044,73.24247995800033,8.00935220899919,164.19121554199955,64,869.3299999999999,2462.8682331299933,38.482316142656146,2.833064812131174,0,3683.8654464,0.1761270829993009,145.9352167490033,17.392872083997645,2.7519856718640767,2280.2377617031766,271.7636263124632
openai/whisper-large-v3-turbo,whisper,generate,cpu,15s,32,2,32,437.8400625,82.16684487499879,2567.713902343712,0.18766406254795104,0.10599415204678363,0.054200166343221515,0.0871667499995965,72.69273679100297,9.383519874998456,164.19121554199955,64,869.3299999999999,2462.8682331299933,38.482316142656146,2.833064812131174,0,3683.8654464,0.1761270829993009,145.9352167490033,17.392872083997645,2.7519856718640767,2280.2377617031766,271.7636263124632
openai/whisper-large-v3-turbo,whisper,generate,cpu,30s,1,1,1,28.45,3.263792082998407,3263.792082998407,0.11472028411242204,0.12941176470588237,0.07415254237288135,0.002820083998813061,2.2255368340011046,1.0350220420004916,6.566120917002991,2,54.96,98.49181375504486,49.24590687752243,1.7920635690510345,0,5461.6009728,0.007297917996766046,4.45552195900018,2.0581000420024793,3.648958998383023,2227.76097950009,1029.0500210012397
openai/whisper-large-v3-turbo,whisper,generate,cpu,30s,1,2,1,26.51,3.2576854590006405,3257.6854590006405,0.12288515499813807,0.12941176470588237,0.10836501901140684,0.004477833997952985,2.229985124999075,1.0230780000019877,6.566120917002991,2,54.96,98.49181375504486,49.24590687752243,1.7920635690510345,0,5461.6009728,0.007297917996766046,4.45552195900018,2.0581000420024793,3.648958998383023,2227.76097950009,1029.0500210012397
openai/whisper-large-v3-turbo,whisper,generate,cpu,30s,4,1,4,130.32,18.0032251670018,4500.80629175045,0.13814629501996473,0.09090909090909091,0.0594017094017094,0.014845416997559369,13.20373683300204,4.783706541998981,34.062327749998076,8,243.19,510.93491624997114,63.86686453124639,2.1009700902585267,0,5461.6009728,0.028616791998501867,24.286414208003407,9.553876041998592,3.5770989998127334,3035.801776000426,1194.234505249824
openai/whisper-large-v3-turbo,whisper,generate,cpu,30s,4,2,4,112.87,15.86735229199985,3966.8380729999626,0.14058077692920926,0.07692307692307693,0.025961538461538463,0.013771375000942498,11.082677375001367,4.770169499999611,34.062327749998076,8,243.19,510.93491624997114,63.86686453124639,2.1009700902585267,0,5461.6009728,0.028616791998501867,24.286414208003407,9.553876041998592,3.5770989998127334,3035.801776000426,1194.234505249824
openai/whisper-large-v3-turbo,whisper,generate,cpu,30s,8,1,8,243.19,31.82075037499817,3977.593796874771,0.13084728144659802,0.08439897698209718,0.04366515837104072,0.03135041700079455,23.78563620800196,8.002283084002556,40.41385850000006,10,295.11,606.2078775000009,60.62078775000009,2.0541759936972683,0,5461.6009728,0.042074459001014475,28.356242583002313,11.779617334002978,4.2074459001014475,2835.6242583002313,1177.9617334002978
openai/whisper-large-v3-turbo,whisper,generate,cpu,30s,8,2,2,51.92,8.3591969170011,4179.59845850055,0.16100148145225537,0.05847953216374269,0.03854166666666667,0.010724042000219924,4.570606375000352,3.777334250000422,40.41385850000006,10,295.11,606.2078775000009,60.62078775000009,2.0541759936972683,0,5461.6009728,0.042074459001014475,28.356242583002313,11.779617334002978,4.2074459001014475,2835.6242583002313,1177.9617334002978
openai/whisper-large-v3-turbo,whisper,generate,cpu,30s,16,1,10,295.11,37.664435415998014,3766.4435415998014,0.12762846198366037,0.07974816369359916,0.04275092936802974,0.03564054200251121,28.05645374999949,9.567182417002186,37.89722470799825,10,295.11,568.4583706199737,56.84583706199737,1.9262592613600817,0,5461.6009728,0.03564054200251121,28.05645374999949,9.567182417002186,3.564054200251121,2805.645374999949,956.7182417002186
openai/whisper-large-v3-turbo,whisper,generate,cpu,30s,32,1,10,295.11,37.597739875000116,3759.7739875000116,0.12740245967605338,0.07974816369359916,0.04275092936802974,0.03524962500159745,28.047445250002056,9.51344487499955,37.829012582998985,10,295.11,567.4351887449848,56.74351887449848,1.9227921410490487,0,5461.6009728,0.03524962500159745,28.047445250002056,9.51344487499955,3.524962500159745,2804.7445250002056,951.344487499955
facebook/wav2vec2-base-960h,ctc,ctc_greedy,cpu,5s,1,1,1,4.82,0.10804691699740943,108.04691699740943,0.0224163728210393,0.1111111111111111,0.04040404040404041,0.00020537499949568883,0.10754195800109301,0.0002783330019155983,0.2754878750019998,2,11.59,4.132318125029997,2.0661590625149984,0.35654168464452085,0,34.765323008,0.00041829099791357294,0.26455845800228417,0.0006282499998633284,0.20914549895678647,132.27922900114208,0.3141249999316642
facebook/wav2vec2-base-960h,ctc,ctc_greedy,cpu,5s,1,2,1,6.77,0.15760399999999208,157.60399999999208,0.02327976366321892,0.32,0.09448818897637795,0.0002129159984178841,0.15701650000119116,0.0003499169979477301,0.2754878750019998,2,11.59,4.132318125029997,2.0661590625149984,0.35654168464452085,0,34.765323008,0.00041829099791357294,0.26455845800228417,0.0006282499998633284,0.20914549895678647,132.27922900114208,0.3141249999316642
facebook/wav2vec2-base-960h,ctc,ctc_greedy,cpu,5s,4,1,4,19.28,0.6890805420007382,172.27013550018455,0.03574069201248642,0.3,0.08115942028985507,0.001255499999388121,0.6864459999997052,0.0008695420001458842,1.3113984580013494,8,39.18,19.67097687002024,2.45887210875253,0.5020667909652945,0,34.765323008,0.0017863749999378342,1.2764366250012245,0.001681375997577561,0.22329687499222928,159.55457812515306,0.21017199969719513
facebook/wav2vec2-base-960h,ctc,ctc_greedy,cpu,5s,4,2,4,19.9,0.5916112499980954,147.90281249952386,0.029729208542617864,0.41818181818181815,0.15112540192926044,0.0005308750005497131,0.5899906250015192,0.0008118339974316768,1.3113984580013494,8,39.18,19.67097687002024,2.45887210875253,0.5020667909652945,0,34.765323008,0.0017863749999378342,1.2764366250012245,0.001681375997577561,0.22329687499222928,159.55457812515306,0.21017199969719513
facebook/wav2vec2-base-960h,ctc,ctc_greedy,cpu,5s,8,1,8,39.18,1.1636913340007595,145.46141675009494,0.029701157069953025,0.36,0.10670731707317073,0.0011730000005627517,1.1604266249996726,0.001629291000426747,2.3355213750000985,16,79.16,35.03282062500148,2.1895512890625923,0.44255710744064525,0,34.765323008,0.002207292003731709,2.269449125000392,0.003136873998300871,0.1379557502332318,141.8405703125245,0.19605462489380443
facebook/wav2vec2-base-960h,ctc,ctc_greedy,cpu,5s,8,2,8,39.980000000000004,1.111590000000433,138.94875000005413,0.027803651825923786,0.3482142857142857,0.12637362637362637,0.0010342920031689573,1.1090225000007194,0.001507582997874124,2.3355213750000985,16,79.16,35.03282062500148,2.1895512890625923,0.44255710744064525,0,34.765323008,0.002207292003731709,2.269449125000392,0.003136873998300871,0.1379557502332318,141.8405703125245,0.19605462489380443
facebook/wav2vec2-base-960h,ctc,ctc_greedy,cpu,5s,16,1,16,79.16,2.9443796670020674,184.02372918762921,0.037195296450253504,0.3670886075949367,0.11730449251247921,0.0023707919972366653,2.9390237090010487,0.002961166999739362,6.041293999998743,32,161.39,90.61940999998114,2.8318565624994108,0.5614933391163093,0,34.765323008,0.00468870899931062,5.901632834000338,0.00592129199867486,0.14652215622845688,184.42602606251057,0.18504037495858938
facebook/wav2vec2-base-960h,ctc,ctc_greedy,cpu,5s,16,2,16,82.23,2.9679123329988215,185.49452081242634,0.036092816891631053,0.23045267489711935,0.0838126540673788,0.002317917002073955,2.9626091249992896,0.0029601249989354983,6.041293999998743,32,161.39,90.61940999998114,2.8318565624994108,0.5614933391163093,0,34.765323008,0.00468870899931062,5.901632834000338,0.00592129199867486,0.14652215622845688,184.42602606251057,0.18504037495858938
facebook/wav2vec2-base-960h,ctc,ctc_greedy,cpu,5s,32,1,32,161.39,5.860807458000636,183.15023306251987,0.036314563839151354,0.29791666666666666,0.10004133939644481,0.005095417000120506,5.849837290999858,0.005740207998314872,12.039424041999155,64,342.05999999999995,180.59136062998732,2.821740009843552,0.5279522909138378,0,34.765323008,0.010251125000650063,11.755770332001703,0.012134374999732245,0.16017382813515724,183.6839114375266,0.18959960937081632
facebook/wav2vec2-base-960h,ctc,ctc_greedy,cpu,5s,32,2,32,180.67,5.917621791999409,184.92568099998152,0.032753759849446,0.19961977186311788,0.07030965391621129,0.0051557080005295575,5.905933041001845,0.006394167001417372,12.039424041999155,64,342.05999999999995,180.59136062998732,2.821740009843552,0.5279522909138378,0,34.765323008,0.010251125000650063,11.755770332001703,0.012134374999732245,0.16017382813515724,183.6839114375266,0.18959960937081632
facebook/wav2vec2-base-960h,ctc,ctc_greedy,cpu,15s,1,1,1,11.42,0.25230383400048595,252.30383400048595,0.02209315534154868,0.21428571428571427,0.06711409395973154,0.0007414159990730695,0.251066125001671,0.0004750419975607656,0.4970940419989347,2,22.4799375,7.4564106299840205,3.7282053149920102,0.33169178650892694,0,104.475275008,0.0010168329972657375,0.47615883300386486,0.0009522509972157422,0.5084164986328688,238.07941650193243,0.4761254986078711
facebook/wav2vec2-base-960h,ctc,ctc_greedy,cpu,15s,1,2,1,11.0599375,0.22586500000033993,225.86500000033993,0.020421905639190087,0.20588235294117646,0.0449438202247191,0.00027541699819266796,0.22509270800219383,0.00047720899965497665,0.4970940419989347,2,22.4799375,7.4564106299840205,3.7282053149920102,0.33169178650892694,0,104.475275008,0.0010168329972657375,0.47615883300386486,0.0009522509972157422,0.5084164986328688,238.07941650193243,0.4761254986078711
facebook/wav2vec2-base-960h,ctc,ctc_greedy,cpu,15s,4,1,4,49.8899375,1.4048149589980312,351.2037397495078,0.028158282599532843,0.19148936170212766,0.05751633986928104,0.0011344589984219056,1.4017533340011141,0.0019016250007553026,3.0413056670004153,8,111.9799375,45.61958500500623,5.702448125625779,0.40739069893663965,0,104.475275008,0.0029240419971756637,2.945474292002473,0.004286291001335485,0.36550524964695796,368.1842865003091,0.5357863751669356
facebook/wav2vec2-base-960h,ctc,ctc_greedy,cpu,15s,4,2,4,62.09,1.5479194169965922,386.97985424914805,0.02493025313249464,0.20652173913043478,0.06537282941777324,0.0017895829987537581,1.5437209580013587,0.0023846660005801823,3.0413056670004153,8,111.9799375,45.61958500500623,5.702448125625779,0.40739069893663965,0,104.475275008,0.0029240419971756637,2.945474292002473,0.004286291001335485,0.36550524964695796,368.1842865003091,0.5357863751669356
facebook/wav2vec2-base-960h,ctc,ctc_greedy,cpu,15s,8,1,8,111.9799375,2.8727449999969394,359.09312499961743,0.02565410433451027,0.19692307692307692,0.060206422018348624,0.003491250001388835,2.8642567499991856,0.004116249998332933,6.268497583998396,16,228.02993750000002,94.02746375997594,5.8767164849984965,0.4123470136897088,0,104.475275008,0.006541250000736909,6.075882500001171,0.008587000000261469,0.4088281250460568,379.7426562500732,0.5366875000163418
facebook/wav2vec2-base-960h,ctc,ctc_greedy,cpu,15s,8,2,8,116.05,3.21981308300019,402.47663537502376,0.027745050262819388,0.20588235294117646,0.054933875890132246,0.003049999999348074,3.2116257500019856,0.004470750001928536,6.268497583998396,16,228.02993750000002,94.02746375997594,5.8767164849984965,0.4123470136897088,0,104.475275008,0.006541250000736909,6.075882500001171,0.008587000000261469,0.4088281250460568,379.7426562500732,0.5366875000163418
facebook/wav2vec2-base-960h,ctc,ctc_greedy,cpu,15s,16,1,16,228.0299375,8.650479832998826,540.6549895624266,0.03793571987888137,0.20600858369098712,0.05902964959568733,0.007288417000381742,8.634214375000738,0.008452124999166699,16.990585791998456,32,431.4899375,254.85878687997683,7.964337089999276,0.5906482741094671,0,104.475275008,0.014494626000669086,16.626918250000017,0.01609575000111363,0.45295706252090895,519.5911953125005,0.5029921875348009
facebook/wav2vec2-base-960h,ctc,ctc_greedy,cpu,15s,16,2,16,203.46,8.009036208000907,500.5647630000567,0.03936418071365825,0.19306184012066366,0.06076388888888889,0.007206209000287345,7.992703874999279,0.00764362500194693,16.990585791998456,32,431.4899375,254.85878687997683,7.964337089999276,0.5906482741094671,0,104.475275008,0.014494626000669086,16.626918250000017,0.01609575000111363,0.45295706252090895,519.5911953125005,0.5029921875348009
facebook/wav2vec2-base-960h,ctc,ctc_greedy,cpu,15s,32,1,32,431.4899375,17.768003791999945,555.2501184999983,0.04117825758567069,0.2011747430249633,0.060145129779514375,0.014374541999131907,17.736786708999716,0.016375582999899052,35.92806404099974,64,869.3299999999999,538.9209606149961,8.420640009609315,0.6199267949052675,0,104.475275008,0.03043966699988232,35.19409137600087,0.03259708299810882,0.47561979687316125,549.9076777500136,0.5093294218454503
facebook/wav2vec2-base-960h,ctc,ctc_greedy,cpu,15s,32,2,32,437.8400625,17.490022207999573,546.5631939999867,0.039946144051172965,0.1783625730994152,0.057111172719711674,0.016065125000750413,17.457304667001154,0.016221499998209765,35.92806404099974,64,869.3299999999999,538.9209606149961,8.420640009609315,0.6199267949052675,0,104.475275008,0.03043966699988232,35.19409137600087,0.03259708299810882,0.47561979687316125,549.9076777500136,0.5093294218454503
facebook/wav2vec2-base-960h,ctc,ctc_greedy,cpu,30s,1,1,1,28.45,0.6117364579986315,611.7364579986315,0.02150216021084821,0.18823529411764706,0.07627118644067797,0.0006691670023428742,0.6098448749980889,0.0011967919999733567,1.2410337920009624,2,54.96,18.615506880014436,9.307753440007218,0.33871009607013164,0,209.040203008,0.0013379170013649855,1.1902808339982585,0.0024654999979247805,0.6689585006824927,595.1404169991292,1.2327499989623902
facebook/wav2vec2-base-960h,ctc,ctc_greedy,cpu,30s,1,2,1,26.51,0.5823972920006781,582.3972920006781,0.02196896612601577,0.21176470588235294,0.07224334600760456,0.0006687499990221113,0.5804359590001695,0.0012687079979514237,1.2410337920009624,2,54.96,18.615506880014436,9.307753440007218,0.33871009607013164,0,209.040203008,0.0013379170013649855,1.1902808339982585,0.0024654999979247805,0.6689585006824927,595.1404169991292,1.2327499989623902
facebook/wav2vec2-base-960h,ctc,ctc_greedy,cpu,30s,4,1,4,130.32,3.5977200829984213,899.4300207496053,0.027606814633198445,0.1674641148325359,0.05897435897435897,0.0034738750000542495,3.582383167002263,0.005205999997997424,6.404475499999535,8,243.19,96.06713249999302,12.008391562499128,0.3950291233191867,0,209.040203008,0.005969750000076601,6.188446875003137,0.009940790998371085,0.7462187500095752,773.5558593753922,1.2425988747963856
facebook/wav2vec2-base-960h,ctc,ctc_greedy,cpu,30s,4,2,4,112.87,2.6133202919991163,653.3300729997791,0.023153364862223056,0.15384615384615385,0.04375,0.0024958750000223517,2.6060637080008746,0.0047347910003736615,6.404475499999535,8,243.19,96.06713249999302,12.008391562499128,0.3950291233191867,0,209.040203008,0.005969750000076601,6.188446875003137,0.009940790998371085,0.7462187500095752,773.5558593753922,1.2425988747963856
facebook/wav2vec2-base-960h,ctc,ctc_greedy,cpu,30s,8,1,8,243.19,7.096528375001071,887.0660468751339,0.029181004050335423,0.1636828644501279,0.051809954751131225,0.008357040998816956,7.077303665999352,0.009888791002595099,8.636269750000793,10,295.11,129.5440462500119,12.954404625001189,0.4389686769340649,0,209.040203008,0.009267499997804407,8.383008749002329,0.012019208003039239,0.9267499997804407,838.3008749002329,1.201920800303924
facebook/wav2vec2-base-960h,ctc,ctc_greedy,cpu,30s,8,2,2,51.92,1.3087708339990058,654.3854169995029,0.02520745057779287,0.1695906432748538,0.08125,0.0009104589989874512,1.3057050830029766,0.0021304170004441403,8.636269750000793,10,295.11,129.5440462500119,12.954404625001189,0.4389686769340649,0,209.040203008,0.009267499997804407,8.383008749002329,0.012019208003039239,0.9267499997804407,838.3008749002329,1.201920800303924
facebook/wav2vec2-base-960h,ctc,ctc_greedy,cpu,30s,16,1,10,295.11,8.588339665999229,858.8339665999229,0.02910216416251306,0.16474291710388247,0.056691449814126396,0.009798541002965067,8.566487125001004,0.011762124999222578,8.822714540998277,10,295.11,132.34071811497415,13.234071811497415,0.4484453868556611,0,209.040203008,0.009798541002965067,8.566487125001004,0.011762124999222578,0.9798541002965067,856.6487125001004,1.1762124999222578
facebook/wav2vec2-base-960h,ctc,ctc_greedy,cpu,30s,32,1,10,295.11,8.555169375002151,855.5169375002151,0.02898976440988835,0.16474291710388247,0.056691449814126396,0.010548291000304744,8.532223999998678,0.01208937500268803,8.786043000000063,10,295.11,131.79064500000095,13.179064500000095,0.4465814272644131,0,209.040203008,0.010548291000304744,8.532223999998678,0.01208937500268803,1.0548291000304744,853.2223999998678,1.208937500268803
